input number,runtime
1,7.500000000160156e-06
10,4.4200000000049755e-05
100,0.002609899999999943
1000,0.20359429999999978
10000,15.3854529
