input number,runtime
1,7.48000000000415e-05
10,8.790000000002962e-05
100,0.00021210000000004836
1000,0.014974800000000066
10000,1.3271888
